TF,nuts,adj
TRUE,AT13,0.8300000000000001
TRUE,FR41,0.8300000000000001
TRUE,IT91,0.8300000000000001
