TF,nuts,adj
TRUE,DE24,0.9500000000000001
TRUE,DE50,0.9500000000000001
TRUE,FR10,0.9500000000000001
TRUE,FR51,0.9500000000000001
TRUE,IT11,0.9500000000000001
TRUE,IT13,0.9500000000000001
TRUE,IT71,0.9500000000000001
TRUE,IT72,0.9500000000000001
TRUE,IT91,0.9500000000000001
