TF,nuts,adj
TRUE,AT13,0.8200000000000001
FALSE,FR41,0.8200000000000001
TRUE,IT91,0.8200000000000001
