TF,nuts,adj
TRUE,AT13,0.9400000000000001
TRUE,FR41,0.9400000000000001
FALSE,HU01,0.9400000000000001
TRUE,IT91,0.9400000000000001
