TF,nuts,adj
TRUE,AT13,0.9500000000000001
TRUE,FR41,0.9500000000000001
TRUE,HU01,0.9500000000000001
TRUE,IT91,0.9500000000000001
